﻿<?xml version="1.0" encoding="utf-8"?>
<!--Comments: Settings for the FlexPendant.-->
<FP>
  <USER name="">
    <DATA id="Joystick Values">
      <PROP name="Pos" value="10,20,40,60,90,120,178,275,412,587,801,1055,1347,1678,2048" />
      <PROP name="Neg" value="-10,-20,-40,-60,-90,-120,-178,-275,-412,-587,-801,-1055,-1347,-1678,-2048" />
    </DATA>
    <DATA id="ViewInManual">
      <PROP name="text" value="PARAM_TXT_VIEWINMANUAL" />
      <PROP name="dll" value="" />
      <PROP name="type" value="" />
    </DATA>
    <DATA id="CtrlPnl Configuration">
      <PROP name="LASTPATH" value="ctrl:/hd0a/System1200IO/SYSPAR/" />
    </DATA>
    <DATA id="DefaultPath">
      <PROP name="BackupRestore" value="" />
      <PROP name="Configuration" value="" />
      <PROP name="RapidPrograms" value="" />
      <PROP name="RapidModules" value="" />
    </DATA>
    <DATA id="AdditionalTestView">
      <PROP name="TestView" value="" />
    </DATA>
    <DATA id="ABB.Robotics.Tps.FileExplorer.TpsViewFileExplorer">
      <PROP name="LASTPATH" value="/hd0a/System1200F/HOME/ROS/" />
    </DATA>
    <DATA id="UserSettings">
      <PROP name="RapidEditorFontIndex" value="5" />
      <PROP name="LoadFileFilterIndex" value="1" />
    </DATA>
    <DATA id="ViewInAuto">
      <PROP name="text" value="PARAM_TXT_VIEWINAUTO" />
      <PROP name="dll" value="TpsViewProductionWnd.dll" />
      <PROP name="type" value="ABB.Robotics.Tps.Production.TpsViewProductionWnd" />
    </DATA>
    <DATA id="Programmable Key_2">
      <PROP name="type" value="None" />
      <PROP name="allowInAuto" value="No" />
      <PROP name="pressed" value="" />
      <PROP name="target" value="" />
    </DATA>
    <DATA id="Program Editor">
      <PROP name="HideDeclarations" value="False" />
      <PROP name="ModulePath" value="" />
      <PROP name="ShowOnlyServiceRoutines" value="True" />
    </DATA>
    <DATA id="Programmable Key_3">
      <PROP name="type" value="None" />
      <PROP name="allowInAuto" value="No" />
      <PROP name="pressed" value="" />
      <PROP name="target" value="" />
    </DATA>
    <DATA id="GoToPosition ROB_1">
      <PROP name="FilterScope" value="All" />
      <PROP name="FilterString" value="" />
    </DATA>
    <DATA id="Backup Restore">
      <PROP name="LastPath" value="ctrl:/hd0a/BACKUP/" />
    </DATA>
    <DATA id="UASViewLevel">
      <PROP name="text" value="PARAM_TXT_UASVIEWLEVEL" />
      <PROP name="level" value="Msg" />
      <PROP name="type" value="" />
    </DATA>
    <DATA id="IO View">
      <PROP name="Configurations file" value="/hd0a/System1200IO/INTERNAL/FPConfigurations.xml" />
      <PROP name="Signal view layout" value="Default" />
    </DATA>
    <DATA id="Programmable Key_4">
      <PROP name="type" value="None" />
      <PROP name="allowInAuto" value="No" />
      <PROP name="pressed" value="" />
      <PROP name="target" value="" />
    </DATA>
    <DATA id="Programmable Key_1">
      <PROP name="type" value="None" />
      <PROP name="allowInAuto" value="No" />
      <PROP name="pressed" value="" />
      <PROP name="target" value="" />
    </DATA>
    <DATA id="ViewInManFull">
      <PROP name="text" value="PARAM_TXT_VIEWINMANFULL" />
      <PROP name="dll" value="" />
      <PROP name="type" value="" />
    </DATA>
    <DATA id="QuickSet">
      <PROP name="IncrementToggle" value="Medium" />
    </DATA>
    <DATA id="IO Filter">
      <PROP name="IO Virtual filter" value="All" />
      <PROP name="IOFilterLimit" value="100" />
      <PROP name="IO Name filter" value="" />
      <PROP name="IOUnit Name Filter" value="" />
      <PROP name="IOBus Name Filter" value="" />
      <PROP name="IO Category filter" value="" />
      <PROP name="IOFilterValue" value="100" />
      <PROP name="Digital Input Filter" value="" />
      <PROP name="Digital Output Filter" value="" />
      <PROP name="Analog Input Filter" value="" />
      <PROP name="Analog Output Filter" value="" />
      <PROP name="Group Input Filter" value="" />
      <PROP name="Group Output Filter" value="" />
      <PROP name="Most Common Filter" value="" />
      <PROP name="Safety Signal Filter" value="" />
      <PROP name="Alias IO Filter" value="" />
      <PROP name="Simulated IO FIlter" value="" />
    </DATA>
  </USER>
</FP>